-- phpMyAdmin SQL Dump
-- version 5.1.0
-- https://www.phpmyadmin.net/
--
-- Host: localhost:8889
-- Generation Time: Jan 21, 2023 at 05:30 AM
-- Server version: 5.7.34
-- PHP Version: 7.4.21

SET SQL_MODE = "NO_AUTO_VALUE_ON_ZERO";
START TRANSACTION;
SET time_zone = "+00:00";


/*!40101 SET @OLD_CHARACTER_SET_CLIENT=@@CHARACTER_SET_CLIENT */;
/*!40101 SET @OLD_CHARACTER_SET_RESULTS=@@CHARACTER_SET_RESULTS */;
/*!40101 SET @OLD_COLLATION_CONNECTION=@@COLLATION_CONNECTION */;
/*!40101 SET NAMES utf8mb4 */;

--
-- Database: `FTE_Planning`
--

-- --------------------------------------------------------

--
-- Table structure for table `tbl_fte_planning`
--

CREATE TABLE `tbl_fte_planning` (
  `fte_id` int(11) NOT NULL,
  `staff_id` int(11) NOT NULL,
  `wp_id` int(11) NOT NULL,
  `forcasted_amount` float NOT NULL,
  `startdate` date DEFAULT NULL,
  `enddate` date DEFAULT NULL
) ENGINE=InnoDB DEFAULT CHARSET=utf8;

--
-- Dumping data for table `tbl_fte_planning`
--

INSERT INTO `tbl_fte_planning` (`fte_id`, `staff_id`, `wp_id`, `forcasted_amount`, `startdate`, `enddate`) VALUES
(1, 2, 76, 0.15, '2020-10-01', '2021-11-01'),
(2, 2, 88, 0.15, '2020-10-01', '2021-11-01'),
(3, 2, 77, 0.2, '2020-10-01', '2021-11-01'),
(4, 2, 97, 0.5, '2020-10-01', '2021-11-01'),
(5, 3, 76, 1, '2020-10-01', '2021-11-01'),
(6, 4, 86, 1, '2020-10-01', '2021-11-01'),
(7, 5, 83, 0.58, '2020-10-01', '2021-11-01'),
(8, 5, 92, 0.58, '2020-10-01', '2021-11-01'),
(9, 6, 83, 1, '2020-10-01', '2021-11-01'),
(10, 7, 100, 1, '2020-10-01', '2021-11-01'),
(11, 8, 76, 0.8, '2020-10-01', '2021-11-01'),
(12, 8, 97, 0.2, '2020-10-01', '2021-11-01'),
(13, 9, 84, 0.5, '2020-10-01', '2021-11-01'),
(14, 9, 92, 0.5, '2020-10-01', '2021-11-01'),
(15, 10, 83, 1, '2020-10-01', '2021-11-01'),
(16, 11, 81, 0.25, '2020-10-01', '2021-11-01'),
(17, 11, 98, 0.4, '2020-10-01', '2021-11-01'),
(18, 11, 94, 0.1, '2020-10-01', '2021-11-01'),
(19, 11, 99, 0.25, '2020-10-01', '2021-11-01'),
(20, 12, 76, 0.75, '2020-10-01', '2021-11-01'),
(21, 12, 77, 0.15, '2020-10-01', '2021-11-01'),
(22, 12, 87, 0.1, '2020-10-01', '2021-11-01'),
(23, 13, 79, 0.15, '2020-10-01', '2021-11-01'),
(24, 13, 101, 0.1, '2020-10-01', '2021-11-01'),
(25, 13, 85, 0.6, '2020-10-01', '2021-11-01'),
(26, 13, 92, 0.15, '2020-10-01', '2021-11-01'),
(27, 14, 92, 1.16, '2020-10-01', '2021-11-01'),
(28, 15, 94, 0.15, '2020-10-01', '2021-11-01'),
(29, 15, 80, 0.4, '2020-10-01', '2021-11-01'),
(30, 15, 82, 0.35, '2020-10-01', '2021-11-01'),
(31, 15, 95, 0.1, '2020-10-01', '2021-11-01'),
(32, 16, 76, 0.5, '2020-10-01', '2021-11-01'),
(33, 16, 109, 0.2, '2020-10-01', '2021-11-01'),
(34, 16, 97, 0.3, '2020-10-01', '2021-11-01'),
(35, 17, 84, 0.5, '2020-10-01', '2021-11-01'),
(36, 17, 92, 0.5, '2020-10-01', '2021-11-01'),
(37, 18, 76, 0.75, '2020-10-01', '2021-11-01'),
(38, 18, 97, 0.25, '2020-10-01', '2021-11-01'),
(39, 19, 104, 0.1, '2020-10-01', '2021-11-01'),
(40, 19, 105, 0.4, '2020-10-01', '2021-11-01'),
(41, 19, 93, 0.1, '2020-10-01', '2021-11-01'),
(42, 19, 86, 0.4, '2020-10-01', '2021-11-01'),
(43, 20, 79, 0.6, '2020-10-01', '2021-11-01'),
(44, 20, 96, 0.4, '2020-10-01', '2021-11-01'),
(45, 21, 81, 0.4, '2020-10-01', '2021-11-01'),
(46, 21, 82, 0.1, '2020-10-01', '2021-11-01'),
(47, 21, 98, 0.3, '2020-10-01', '2021-11-01'),
(48, 21, 99, 0.2, '2020-10-01', '2021-11-01'),
(49, 22, 76, 0.25, '2020-10-01', '2021-11-01'),
(50, 22, 88, 0.15, '2020-10-01', '2021-11-01'),
(51, 22, 77, 0.25, '2020-10-01', '2021-11-01'),
(52, 22, 97, 0.35, '2020-10-01', '2021-11-01'),
(53, 23, 83, 1.06, '2020-10-01', '2021-11-01'),
(54, 23, 91, 0.1, '2020-10-01', '2021-11-01'),
(55, 24, 76, 0.25, '2020-10-01', '2021-11-01'),
(56, 24, 90, 0.5, '2020-10-01', '2021-11-01'),
(57, 24, 97, 0.2, '2020-10-01', '2021-11-01'),
(58, 24, 89, 0.05, '2020-10-01', '2021-11-01'),
(59, 25, 83, 1, '2020-10-01', '2021-11-01'),
(60, 26, 80, 0.7, '2020-10-01', '2021-11-01'),
(61, 26, 95, 0.3, '2020-10-01', '2021-11-01'),
(62, 27, 76, 0.2, '2020-10-01', '2021-11-01'),
(63, 27, 90, 0.2, '2020-10-01', '2021-11-01'),
(64, 27, 89, 0.6, '2020-10-01', '2021-11-01'),
(65, 28, 78, 1, '2020-10-01', '2021-11-01'),
(66, 29, 101, 0.25, '2020-10-01', '2021-11-01'),
(67, 30, 79, 0.55, '2020-10-01', '2021-11-01'),
(68, 30, 109, 0.2, '2020-10-01', '2021-11-01'),
(69, 30, 96, 0.25, '2020-10-01', '2021-11-01'),
(70, 31, 83, 1, '2020-10-01', '2021-11-01'),
(71, 32, 83, 1, '2020-10-01', '2021-11-01'),
(72, 33, 85, 0.7, '2020-10-01', '2021-11-01'),
(73, 33, 92, 0.3, '2020-10-01', '2021-11-01'),
(74, 34, 79, 0.5, '2020-10-01', '2021-11-01'),
(75, 34, 91, 0.15, '2020-10-01', '2021-11-01'),
(76, 34, 96, 0.35, '2020-10-01', '2021-11-01'),
(77, 35, 84, 1, '2020-10-01', '2021-11-01'),
(78, 35, 83, 0.16, '2020-10-01', '2021-11-01'),
(79, 36, 83, 1, '2020-10-01', '2021-11-01'),
(80, 37, 83, 1, '2020-10-01', '2021-11-01'),
(81, 38, 78, 0.5, '2020-10-01', '2021-11-01'),
(82, 38, 93, 0.5, '2020-10-01', '2021-11-01'),
(83, 39, 83, 0.61, '2020-10-01', '2021-11-01'),
(84, 39, 91, 0.05, '2020-10-01', '2021-11-01'),
(85, 39, 98, 0.5, '2020-10-01', '2021-11-01'),
(86, 40, 92, 1.16, '2020-10-01', '2021-11-01'),
(87, 41, 81, 0.5, '2020-10-01', '2021-11-01'),
(88, 41, 78, 0.5, '2020-10-01', '2021-11-01'),
(89, 42, 96, 0.3, '2020-10-01', '2021-11-01'),
(90, 42, 86, 0.7, '2020-10-01', '2021-11-01'),
(91, 43, 76, 0.2, '2020-10-01', '2021-11-01'),
(92, 43, 90, 0.15, '2020-10-01', '2021-11-01'),
(93, 43, 97, 0.15, '2020-10-01', '2021-11-01'),
(94, 43, 89, 0.5, '2020-10-01', '2021-11-01'),
(95, 44, 78, 0.35, '2020-10-01', '2021-11-01'),
(96, 44, 93, 0.65, '2020-10-01', '2021-11-01'),
(97, 45, 76, 0.7, '2020-10-01', '2021-11-01'),
(98, 45, 97, 0.2, '2020-10-01', '2021-11-01'),
(99, 45, 87, 0.1, '2020-10-01', '2021-11-01'),
(100, 46, 100, 1, '2020-10-01', '2021-11-01'),
(101, 47, 85, 0.6, '2020-10-01', '2021-11-01'),
(102, 47, 92, 0.4, '2020-10-01', '2021-11-01'),
(103, 48, 84, 0.55, '2020-10-01', '2021-11-01'),
(104, 48, 101, 0.25, '2020-10-01', '2021-11-01'),
(105, 48, 92, 0.2, '2020-10-01', '2021-11-01'),
(106, 49, 79, 0.5, '2020-10-01', '2021-11-01'),
(107, 49, 109, 0.2, '2020-10-01', '2021-11-01'),
(108, 49, 96, 0.3, '2020-10-01', '2021-11-01'),
(109, 50, 83, 1, '2020-10-01', '2021-11-01'),
(110, 51, 81, 0.3, '2020-10-01', '2021-11-01'),
(111, 51, 82, 0.2, '2020-10-01', '2021-11-01'),
(112, 51, 98, 0.4, '2020-10-01', '2021-11-01'),
(113, 51, 99, 0.1, '2020-10-01', '2021-11-01'),
(114, 52, 100, 0.7, '2020-10-01', '2021-11-01'),
(115, 52, 83, 0.3, '2020-10-01', '2021-11-01'),
(116, 53, 78, 0.2, '2020-10-01', '2021-11-01'),
(117, 53, 85, 0.6, '2020-10-01', '2021-11-01'),
(118, 53, 92, 0.2, '2020-10-01', '2021-11-01'),
(119, 54, 98, 0.23, '2020-10-01', '2021-11-01'),
(120, 54, 99, 0.93, '2020-10-01', '2021-11-01'),
(121, 55, 93, 0.1, '2020-10-01', '2021-11-01'),
(122, 55, 108, 0.15, '2020-10-01', '2021-11-01'),
(123, 55, 78, 0.2, '2020-10-01', '2021-11-01'),
(124, 55, 90, 0.05, '2020-10-01', '2021-11-01'),
(125, 55, 89, 0.5, '2020-10-01', '2021-11-01'),
(126, 56, 83, 1, '2020-10-01', '2021-11-01'),
(127, 57, 83, 1, '2020-10-01', '2021-11-01'),
(128, 58, 81, 0.2, '2020-10-01', '2021-11-01'),
(129, 58, 78, 0.2, '2020-10-01', '2021-11-01'),
(130, 58, 79, 0.1, '2020-10-01', '2021-11-01'),
(131, 58, 82, 0.1, '2020-10-01', '2021-11-01'),
(132, 58, 98, 0.1, '2020-10-01', '2021-11-01'),
(133, 58, 93, 0.1, '2020-10-01', '2021-11-01'),
(134, 58, 99, 0.1, '2020-10-01', '2021-11-01'),
(135, 58, 80, 0.1, '2020-10-01', '2021-11-01'),
(136, 59, 99, 0.1, '2020-10-01', '2021-11-01'),
(137, 59, 98, 0.3, '2020-10-01', '2021-11-01'),
(138, 59, 89, 0.4, '2020-10-01', '2021-11-01'),
(139, 59, 103, 0.2, '2020-10-01', '2021-11-01'),
(140, 2, 40, 0.15, '2021-10-01', '2022-11-01'),
(141, 2, 52, 0.15, '2021-10-01', '2022-11-01'),
(142, 2, 41, 0.2, '2021-10-01', '2022-11-01'),
(143, 2, 61, 0.5, '2021-10-01', '2022-11-01'),
(144, 14, 47, 0.96, '2021-10-01', '2022-11-01'),
(145, 14, 56, 0.2, '2021-10-01', '2022-11-01'),
(146, 4, 45, 0.8, '2021-10-01', '2022-11-01'),
(147, 4, 46, 0.2, '2021-10-01', '2022-11-01'),
(148, 5, 47, 0.56, '2021-10-01', '2022-11-01'),
(149, 5, 56, 0.6, '2021-10-01', '2022-11-01'),
(150, 6, 47, 0.96, '2021-10-01', '2022-11-01'),
(151, 6, 56, 0.2, '2021-10-01', '2022-11-01'),
(152, 8, 40, 0.8, '2021-10-01', '2022-11-01'),
(153, 8, 61, 0.2, '2021-10-01', '2022-11-01'),
(154, 9, 48, 0.5, '2021-10-01', '2022-11-01'),
(155, 9, 56, 0.5, '2021-10-01', '2022-11-01'),
(156, 10, 47, 0.66, '2021-10-01', '2022-11-01'),
(157, 10, 56, 0.5, '2021-10-01', '2022-11-01'),
(158, 11, 62, 0.75, '2021-10-01', '2022-11-01'),
(159, 11, 63, 0.25, '2021-10-01', '2022-11-01'),
(160, 12, 40, 0.75, '2021-10-01', '2022-11-01'),
(161, 12, 41, 0.15, '2021-10-01', '2022-11-01'),
(162, 12, 51, 0.1, '2021-10-01', '2022-11-01'),
(163, 13, 43, 0.15, '2021-10-01', '2022-11-01'),
(164, 13, 61, 0.1, '2021-10-01', '2022-11-01'),
(165, 13, 49, 0.6, '2021-10-01', '2022-11-01'),
(166, 13, 56, 0.15, '2021-10-01', '2022-11-01'),
(167, 3, 40, 0.4, '2021-10-01', '2022-11-01'),
(168, 3, 75, 0.3, '2021-10-01', '2022-11-01'),
(169, 3, 41, 0.3, '2021-10-01', '2022-11-01'),
(170, 15, 58, 0.15, '2021-10-01', '2022-11-01'),
(171, 15, 44, 0.4, '2021-10-01', '2022-11-01'),
(172, 15, 46, 0.3, '2021-10-01', '2022-11-01'),
(173, 15, 59, 0.15, '2021-10-01', '2022-11-01'),
(174, 16, 40, 0.3, '2021-10-01', '2022-11-01'),
(175, 16, 74, 0.2, '2021-10-01', '2022-11-01'),
(176, 16, 41, 0.2, '2021-10-01', '2022-11-01'),
(177, 16, 61, 0.3, '2021-10-01', '2022-11-01'),
(178, 17, 48, 0.5, '2021-10-01', '2022-11-01'),
(179, 17, 56, 0.5, '2021-10-01', '2022-11-01'),
(180, 18, 40, 0.25, '2021-10-01', '2022-11-01'),
(181, 18, 41, 0.5, '2021-10-01', '2022-11-01'),
(182, 18, 61, 0.25, '2021-10-01', '2022-11-01'),
(183, 19, 57, 0.05, '2021-10-01', '2022-11-01'),
(184, 19, 50, 0.15, '2021-10-01', '2022-11-01'),
(185, 20, 43, 0.5, '2021-10-01', '2022-11-01'),
(186, 20, 60, 0.35, '2021-10-01', '2022-11-01'),
(187, 67, 40, 0.8, '2021-10-01', '2022-11-01'),
(188, 67, 61, 0.2, '2021-10-01', '2022-11-01'),
(189, 21, 45, 0.4, '2021-10-01', '2022-11-01'),
(190, 21, 46, 0.1, '2021-10-01', '2022-11-01'),
(191, 21, 62, 0.3, '2021-10-01', '2022-11-01'),
(192, 21, 63, 0.2, '2021-10-01', '2022-11-01'),
(193, 22, 40, 0.3, '2021-10-01', '2022-11-01'),
(194, 22, 52, 0.15, '2021-10-01', '2022-11-01'),
(195, 22, 74, 0.1, '2021-10-01', '2022-11-01'),
(196, 22, 41, 0.2, '2021-10-01', '2022-11-01'),
(197, 22, 61, 0.25, '2021-10-01', '2022-11-01'),
(198, 23, 40, 0.05, '2021-10-01', '2022-11-01'),
(199, 23, 47, 0.66, '2021-10-01', '2022-11-01'),
(200, 23, 56, 0.45, '2021-10-01', '2022-11-01'),
(201, 24, 40, 0.25, '2021-10-01', '2022-11-01'),
(202, 24, 41, 0.1, '2021-10-01', '2022-11-01'),
(203, 24, 54, 0.25, '2021-10-01', '2022-11-01'),
(204, 24, 61, 0.2, '2021-10-01', '2022-11-01'),
(205, 24, 53, 0.2, '2021-10-01', '2022-11-01'),
(206, 25, 47, 0.86, '2021-10-01', '2022-11-01'),
(207, 25, 56, 0.3, '2021-10-01', '2022-11-01'),
(208, 26, 44, 0.7, '2021-10-01', '2022-11-01'),
(209, 26, 59, 0.3, '2021-10-01', '2022-11-01'),
(210, 68, 43, 0.45, '2021-10-01', '2022-11-01'),
(211, 68, 60, 0.55, '2021-10-01', '2022-11-01'),
(212, 27, 40, 0.2, '2021-10-01', '2022-11-01'),
(213, 27, 41, 0.1, '2021-10-01', '2022-11-01'),
(214, 27, 54, 0.2, '2021-10-01', '2022-11-01'),
(215, 27, 53, 0.5, '2021-10-01', '2022-11-01'),
(216, 28, 42, 0.4, '2021-10-01', '2022-11-01'),
(217, 28, 57, 0.6, '2021-10-01', '2022-11-01'),
(218, 30, 43, 0.75, '2021-10-01', '2022-11-01'),
(219, 30, 60, 0.25, '2021-10-01', '2022-11-01'),
(220, 31, 47, 0.86, '2021-10-01', '2022-11-01'),
(221, 31, 56, 0.3, '2021-10-01', '2022-11-01'),
(222, 32, 40, 0.05, '2021-10-01', '2022-11-01'),
(223, 32, 47, 0.86, '2021-10-01', '2022-11-01'),
(224, 32, 56, 0.25, '2021-10-01', '2022-11-01'),
(225, 33, 40, 0.15, '2021-10-01', '2022-11-01'),
(226, 33, 49, 0.7, '2021-10-01', '2022-11-01'),
(227, 33, 61, 0.15, '2021-10-01', '2022-11-01'),
(228, 34, 43, 0.5, '2021-10-01', '2022-11-01'),
(229, 34, 60, 0.5, '2021-10-01', '2022-11-01'),
(230, 35, 48, 0.5, '2021-10-01', '2022-11-01'),
(231, 35, 47, 0.16, '2021-10-01', '2022-11-01'),
(232, 35, 56, 0.5, '2021-10-01', '2022-11-01'),
(233, 36, 47, 0.76, '2021-10-01', '2022-11-01'),
(234, 36, 56, 0.4, '2021-10-01', '2022-11-01'),
(235, 37, 47, 0.66, '2021-10-01', '2022-11-01'),
(236, 37, 56, 0.5, '2021-10-01', '2022-11-01'),
(237, 38, 42, 0.5, '2021-10-01', '2022-11-01'),
(238, 38, 57, 0.5, '2021-10-01', '2022-11-01'),
(239, 39, 56, 0.05, '2021-10-01', '2022-11-01'),
(240, 39, 47, 0.61, '2021-10-01', '2022-11-01'),
(241, 39, 62, 0.5, '2021-10-01', '2022-11-01'),
(242, 40, 47, 0.76, '2021-10-01', '2022-11-01'),
(243, 40, 56, 0.4, '2021-10-01', '2022-11-01'),
(244, 41, 45, 0.5, '2021-10-01', '2022-11-01'),
(245, 41, 42, 0.5, '2021-10-01', '2022-11-01'),
(246, 42, 43, 0.7, '2021-10-01', '2022-11-01'),
(247, 42, 75, 0.2, '2021-10-01', '2022-11-01'),
(248, 42, 60, 0.1, '2021-10-01', '2022-11-01'),
(249, 43, 40, 0.5, '2021-10-01', '2022-11-01'),
(250, 43, 61, 0.5, '2021-10-01', '2022-11-01'),
(251, 44, 42, 0.35, '2021-10-01', '2022-11-01'),
(252, 44, 57, 0.65, '2021-10-01', '2022-11-01'),
(253, 45, 40, 0.7, '2021-10-01', '2022-11-01'),
(254, 45, 61, 0.2, '2021-10-01', '2022-11-01'),
(255, 45, 51, 0.1, '2021-10-01', '2022-11-01'),
(256, 47, 40, 0.1, '2021-10-01', '2022-11-01'),
(257, 47, 49, 0.7, '2021-10-01', '2022-11-01'),
(258, 47, 60, 0.2, '2021-10-01', '2022-11-01'),
(259, 48, 48, 0.5, '2021-10-01', '2022-11-01'),
(260, 48, 64, 0.25, '2021-10-01', '2022-11-01'),
(261, 48, 56, 0.25, '2021-10-01', '2022-11-01'),
(262, 49, 43, 0.7, '2021-10-01', '2022-11-01'),
(263, 49, 60, 0.3, '2021-10-01', '2022-11-01'),
(264, 50, 47, 0.71, '2021-10-01', '2022-11-01'),
(265, 50, 56, 0.45, '2021-10-01', '2022-11-01'),
(266, 51, 45, 0.3, '2021-10-01', '2022-11-01'),
(267, 51, 46, 0.1, '2021-10-01', '2022-11-01'),
(268, 51, 62, 0.4, '2021-10-01', '2022-11-01'),
(269, 51, 58, 0.1, '2021-10-01', '2022-11-01'),
(270, 51, 63, 0.1, '2021-10-01', '2022-11-01'),
(271, 52, 47, 0.16, '2021-10-01', '2022-11-01'),
(272, 60, 40, 0.1, '2021-10-01', '2022-11-01'),
(273, 60, 74, 0.1, '2021-10-01', '2022-11-01'),
(274, 60, 54, 0.25, '2021-10-01', '2022-11-01'),
(275, 60, 42, 0.3, '2021-10-01', '2022-11-01'),
(276, 60, 53, 0.25, '2021-10-01', '2022-11-01'),
(277, 54, 62, 0.23, '2021-10-01', '2022-11-01'),
(278, 54, 63, 0.93, '2021-10-01', '2022-11-01'),
(279, 66, 44, 0.4, '2021-10-01', '2022-11-01'),
(280, 66, 59, 0.6, '2021-10-01', '2022-11-01'),
(281, 55, 57, 0.1, '2021-10-01', '2022-11-01'),
(282, 55, 72, 0.05, '2021-10-01', '2022-11-01'),
(283, 55, 42, 0.3, '2021-10-01', '2022-11-01'),
(284, 55, 54, 0.05, '2021-10-01', '2022-11-01'),
(285, 55, 53, 0.5, '2021-10-01', '2022-11-01'),
(286, 56, 47, 1.06, '2021-10-01', '2022-11-01'),
(287, 56, 56, 0.1, '2021-10-01', '2022-11-01'),
(288, 57, 40, 0.05, '2021-10-01', '2022-11-01'),
(289, 57, 47, 0.5, '2021-10-01', '2022-11-01'),
(290, 57, 56, 0.45, '2021-10-01', '2022-11-01'),
(291, 58, 45, 0.2, '2021-10-01', '2022-11-01'),
(292, 58, 43, 0.1, '2021-10-01', '2022-11-01'),
(293, 58, 46, 0.1, '2021-10-01', '2022-11-01'),
(294, 58, 62, 0.1, '2021-10-01', '2022-11-01'),
(295, 58, 57, 0.1, '2021-10-01', '2022-11-01'),
(296, 58, 63, 0.2, '2021-10-01', '2022-11-01'),
(297, 58, 44, 0.1, '2021-10-01', '2022-11-01'),
(298, 2, 3, 0.55, '2022-10-01', '2023-11-01'),
(299, 2, 15, 0.15, '2022-10-01', '2023-11-01'),
(300, 2, 23, 0.3, '2022-10-01', '2023-11-01'),
(301, 3, 3, 0.4, '2022-10-01', '2023-11-01'),
(302, 3, 4, 0.3, '2022-10-01', '2023-11-01'),
(303, 3, 23, 0.3, '2022-10-01', '2023-11-01'),
(304, 52, 26, 1, '2022-10-01', '2023-11-01'),
(305, 52, 10, 0.16, '2022-10-01', '2023-11-01'),
(306, 8, 3, 1, '2022-10-01', '2023-11-01'),
(307, 70, 19, 0.5, '2022-10-01', '2023-11-01'),
(308, 70, 13, 0.5, '2022-10-01', '2023-11-01'),
(309, 69, 26, 1, '2022-10-01', '2023-11-01'),
(310, 9, 11, 0.5, '2022-10-01', '2023-01-20'),
(311, 9, 18, 0.3, '2022-10-01', '2023-11-01'),
(312, 16, 3, 0.25, '2022-10-01', '2023-11-01'),
(313, 16, 120, 0.4, '2022-10-01', '2023-11-01'),
(314, 16, 37, 0.1, '2022-10-01', '2023-11-01'),
(315, 16, 4, 0.2, '2022-10-01', '2023-11-01'),
(316, 16, 23, 0.05, '2022-10-01', '2023-11-01'),
(317, 11, 8, 0.1, '2022-10-01', '2023-11-01'),
(318, 11, 24, 0.7, '2022-10-01', '2023-11-01'),
(319, 11, 25, 0.2, '2022-10-01', '2023-11-01'),
(320, 12, 3, 0.9, '2022-10-01', '2023-11-01'),
(321, 12, 14, 0.1, '2022-10-01', '2023-11-01'),
(322, 15, 8, 0, '2022-10-01', '2023-11-01'),
(323, 15, 38, 0.25, '2022-10-01', '2023-11-01'),
(324, 15, 21, 0.15, '2022-10-01', '2023-11-01'),
(325, 15, 9, 0.15, '2022-10-01', '2023-11-01'),
(326, 15, 20, 0.15, '2022-10-01', '2023-11-01'),
(327, 15, 7, 0.3, '2022-10-01', '2023-11-01'),
(328, 17, 11, 0.5, '2022-10-01', '2023-11-01'),
(329, 17, 18, 0.3, '2022-10-01', '2023-11-01'),
(330, 18, 3, 0.3, '2022-10-01', '2023-11-01'),
(331, 18, 4, 0.4, '2022-10-01', '2023-11-01'),
(332, 18, 23, 0.3, '2022-10-01', '2023-11-01'),
(333, 19, 31, 0.9, '2022-10-01', '2023-11-01'),
(334, 19, 19, 0.05, '2022-10-01', '2023-11-01'),
(335, 19, 13, 0.05, '2022-10-01', '2023-11-01'),
(336, 21, 9, 0.1, '2022-10-01', '2023-11-01'),
(337, 21, 8, 0.15, '2022-10-01', '2023-11-01'),
(338, 21, 38, 0.25, '2022-10-01', '2023-11-01'),
(339, 21, 24, 0.3, '2022-10-01', '2023-11-01'),
(340, 21, 25, 0.2, '2022-10-01', '2023-11-01'),
(341, 23, 3, 0.05, '2022-10-01', '2023-11-01'),
(342, 23, 10, 0.66, '2022-10-01', '2023-11-01'),
(343, 23, 18, 0.3, '2022-10-01', '2023-11-01'),
(344, 24, 3, 0.25, '2022-10-01', '2023-11-01'),
(345, 24, 17, 0.15, '2022-10-01', '2023-11-01'),
(346, 24, 23, 0.2, '2022-10-01', '2023-11-01'),
(347, 24, 37, 0.1, '2022-10-01', '2023-11-01'),
(348, 24, 4, 0.1, '2022-10-01', '2023-11-01'),
(349, 24, 16, 0.2, '2022-10-01', '2023-11-01'),
(350, 39, 18, 0.05, '2022-10-01', '2023-11-01'),
(351, 39, 10, 0.61, '2022-10-01', '2023-11-01'),
(352, 39, 24, 0.5, '2022-10-01', '2023-11-01'),
(353, 68, 6, 0.45, '2022-10-01', '2023-11-01'),
(354, 68, 22, 0.55, '2022-10-01', '2023-11-01'),
(358, 28, 5, 0.4, '2022-10-01', '2023-11-01'),
(359, 28, 19, 0.6, '2022-10-01', '2023-11-01'),
(360, 71, 8, 0.2, '2022-10-01', '2023-11-01'),
(361, 71, 24, 0.7, '2022-10-01', '2023-11-01'),
(362, 71, 25, 0.1, '2022-10-01', '2023-11-01'),
(363, 30, 6, 0.35, '2022-10-01', '2023-11-01'),
(364, 30, 38, 0.4, '2022-10-01', '2023-11-01'),
(365, 30, 22, 0.25, '2022-10-01', '2023-11-01'),
(366, 31, 10, 0.76, '2022-10-01', '2023-11-01'),
(367, 31, 18, 0.2, '2022-10-01', '2023-11-01'),
(368, 33, 3, 0.4, '2022-10-01', '2023-11-01'),
(369, 33, 120, 0.3, '2022-10-01', '2023-11-01'),
(370, 33, 37, 0.1, '2022-10-01', '2023-11-01'),
(371, 33, 23, 0.2, '2022-10-01', '2023-11-01'),
(372, 34, 6, 0.25, '2022-10-01', '2023-11-01'),
(373, 34, 38, 0.25, '2022-10-01', '2023-11-01'),
(374, 34, 22, 0.5, '2022-10-01', '2023-11-01'),
(375, 35, 11, 0.5, '2022-10-01', '2023-11-01'),
(376, 35, 10, 0.16, '2022-10-01', '2023-11-01'),
(377, 35, 18, 0.4, '2022-10-01', '2023-11-01'),
(378, 36, 10, 0.76, '2022-10-01', '2023-11-01'),
(379, 36, 18, 0.25, '2022-10-01', '2023-11-01'),
(380, 37, 10, 0.66, '2022-10-01', '2023-11-01'),
(381, 37, 18, 0.5, '2022-10-01', '2023-11-01'),
(382, 38, 38, 0.25, '2022-10-01', '2023-11-01'),
(383, 38, 5, 0.25, '2022-10-01', '2023-11-01'),
(384, 38, 19, 0.5, '2022-10-01', '2023-11-01'),
(385, 25, 10, 0.86, '2022-10-01', '2023-11-01'),
(386, 25, 18, 0.2, '2022-10-01', '2023-11-01'),
(387, 40, 10, 0.76, '2022-10-01', '2023-11-01'),
(388, 40, 18, 0.05, '2022-10-01', '2023-11-01'),
(389, 74, 6, 0.6, '2022-10-01', '2023-11-01'),
(390, 74, 22, 0.4, '2022-10-01', '2023-11-01'),
(391, 41, 8, 0.35, '2022-10-01', '2023-11-01'),
(392, 41, 38, 0.25, '2022-10-01', '2023-11-01'),
(393, 41, 5, 0.4, '2022-10-01', '2023-11-01'),
(394, 42, 6, 0.7, '2022-10-01', '2023-11-01'),
(395, 42, 22, 0.3, '2022-10-01', '2023-11-01'),
(398, 44, 38, 0.1, '2022-10-01', '2023-11-01'),
(399, 44, 19, 0.65, '2022-10-01', '2023-11-01'),
(400, 44, 39, 0.25, '2022-10-01', '2023-11-01'),
(401, 45, 3, 0.4, '2022-10-01', '2023-11-01'),
(402, 45, 14, 0.1, '2022-10-01', '2023-11-01'),
(403, 45, 4, 0.2, '2022-10-01', '2023-11-01'),
(404, 45, 23, 0.3, '2022-10-01', '2023-11-01'),
(405, 46, 26, 1, '2022-10-01', '2023-11-01'),
(406, 47, 3, 0.1, '2022-10-01', '2023-11-01'),
(407, 47, 12, 0.9, '2022-10-01', '2023-11-01'),
(408, 48, 11, 0.5, '2022-10-01', '2023-11-01'),
(409, 48, 26, 0.25, '2022-10-01', '2023-11-01'),
(410, 48, 18, 0.25, '2022-10-01', '2023-11-01'),
(411, 50, 10, 0.76, '2022-10-01', '2023-11-01'),
(412, 50, 18, 0.35, '2022-10-01', '2023-11-01'),
(413, 51, 8, 0.05, '2022-10-01', '2023-11-01'),
(414, 51, 38, 0.25, '2022-10-01', '2023-11-01'),
(415, 51, 9, 0.1, '2022-10-01', '2023-11-01'),
(416, 51, 24, 0.3, '2022-10-01', '2023-11-01'),
(417, 51, 25, 0.2, '2022-10-01', '2023-11-01'),
(418, 51, 20, 0.1, '2022-10-01', '2023-11-01'),
(419, 72, 10, 0.75, '2022-10-01', '2023-11-01'),
(420, 72, 18, 0.25, '2022-10-01', '2023-11-01'),
(421, 60, 16, 0.2, '2022-10-01', '2023-11-01'),
(422, 60, 39, 0.8, '2022-10-01', '2023-11-01'),
(423, 54, 24, 0.23, '2022-10-01', '2023-11-01'),
(424, 54, 25, 0.93, '2022-10-01', '2023-11-01'),
(425, 66, 7, 0.4, '2022-10-01', '2023-11-01'),
(426, 66, 21, 0.6, '2022-10-01', '2023-11-01'),
(427, 55, 17, 0.1, '2022-10-01', '2023-11-01'),
(428, 55, 19, 0.1, '2022-10-01', '2023-11-01'),
(429, 55, 5, 0.3, '2022-10-01', '2023-11-01'),
(430, 55, 16, 0.5, '2022-10-01', '2023-11-01'),
(431, 56, 10, 1.06, '2022-10-01', '2023-11-01'),
(432, 56, 18, 0.1, '2022-10-01', '2023-11-01'),
(433, 73, 10, 1.16, '2022-10-01', '2023-11-01'),
(434, 57, 3, 0.05, '2022-10-01', '2023-11-01'),
(435, 57, 10, 0.5, '2022-10-01', '2023-11-01'),
(436, 57, 18, 0.3, '2022-10-01', '2023-11-01'),
(437, 58, 8, 0.2, '2022-10-01', '2023-11-01'),
(438, 58, 5, 0.05, '2022-10-01', '2023-11-01'),
(439, 58, 6, 0.05, '2022-10-01', '2023-11-01'),
(440, 58, 36, 0.25, '2022-10-01', '2023-11-01'),
(441, 58, 9, 0.1, '2022-10-01', '2023-11-01'),
(442, 58, 24, 0.1, '2022-10-01', '2023-11-01'),
(443, 58, 19, 0.1, '2022-10-01', '2023-11-01'),
(444, 58, 25, 0.1, '2022-10-01', '2023-11-01'),
(445, 58, 7, 0.05, '2022-10-01', '2023-11-01'),
(446, 61, 111, 0.25, '2021-10-01', '2022-11-01'),
(447, 61, 110, 0.5, '2021-10-01', '2022-11-01'),
(448, 61, 112, 0.25, '2021-10-01', '2022-11-01'),
(449, 62, 114, 0.5, '2021-10-01', '2022-11-01'),
(450, 62, 113, 0.5, '2021-10-01', '2022-11-01'),
(451, 63, 111, 0.5, '2021-10-01', '2022-11-01'),
(452, 63, 112, 0.5, '2021-10-01', '2022-11-01'),
(453, 64, 111, 0.5, '2021-10-01', '2022-11-01'),
(454, 64, 112, 0.5, '2021-10-01', '2022-11-01'),
(455, 65, 111, 0.2, '2021-10-01', '2022-11-01'),
(456, 65, 114, 0.2, '2021-10-01', '2022-11-01'),
(457, 65, 110, 0.2, '2021-10-01', '2022-11-01'),
(458, 65, 113, 0.2, '2021-10-01', '2022-11-01'),
(459, 65, 112, 0.2, '2021-10-01', '2022-11-01'),
(460, 61, 116, 0.25, '2022-10-01', '2023-11-01'),
(461, 61, 115, 0.3, '2022-10-01', '2023-11-01'),
(462, 61, 118, 0.2, '2022-10-01', '2023-11-01'),
(463, 61, 117, 0.25, '2022-10-01', '2023-11-01'),
(464, 62, 119, 0.5, '2022-10-01', '2023-11-01'),
(465, 62, 115, 0.2, '2022-10-01', '2023-11-01'),
(466, 62, 118, 0.3, '2022-10-01', '2023-11-01'),
(467, 63, 116, 0.75, '2022-10-01', '2023-11-01'),
(468, 63, 117, 0.25, '2022-10-01', '2023-11-01'),
(469, 64, 116, 0.04, '2022-10-01', '2023-11-01'),
(470, 64, 115, 0.1, '2022-10-01', '2023-11-01'),
(471, 64, 117, 0.5, '2022-10-01', '2023-11-01'),
(472, 65, 115, 0.5, '2022-10-01', '2023-11-01'),
(473, 65, 117, 0.5, '2022-10-01', '2023-11-01'),
(483, 43, 3, 0.5, '2023-01-21', '2023-10-12'),
(484, 43, 23, 0.5, '2023-01-21', '2023-10-12'),
(485, 27, 3, 0.2, '2023-01-21', '2023-10-12'),
(486, 27, 16, 0.6, '2023-01-21', '2023-10-12'),
(487, 27, 32, 0.2, '2023-01-21', '2023-10-12');

-- --------------------------------------------------------

--
-- Table structure for table `tbl_groups`
--

CREATE TABLE `tbl_groups` (
  `group_id` int(6) NOT NULL,
  `group_name` varchar(20) NOT NULL
) ENGINE=InnoDB DEFAULT CHARSET=utf8;

--
-- Dumping data for table `tbl_groups`
--

INSERT INTO `tbl_groups` (`group_id`, `group_name`) VALUES
(1, 'HPC-SYS'),
(2, 'HPC-ENV'),
(3, 'HPC-INFRA'),
(4, 'HPC-OPS'),
(5, 'HPC-DES');

-- --------------------------------------------------------

--
-- Table structure for table `tbl_staff`
--

CREATE TABLE `tbl_staff` (
  `staff_id` int(6) NOT NULL,
  `znumber` int(6) NOT NULL,
  `staff_name` varchar(50) NOT NULL,
  `team_id` int(5) NOT NULL,
  `startdate` date NOT NULL,
  `enddate` date DEFAULT NULL,
  `fte_amount` float NOT NULL
) ENGINE=InnoDB DEFAULT CHARSET=utf8;

--
-- Dumping data for table `tbl_staff`
--

INSERT INTO `tbl_staff` (`staff_id`, `znumber`, `staff_name`, `team_id`, `startdate`, `enddate`, `fte_amount`) VALUES
(2, 220350, 'Samuel Sanchez', 1, '2020-10-01', '2022-10-01', 1),
(3, 331698, 'Travis Bradley Cotton', 1, '2020-10-01', NULL, 1),
(4, 329504, 'Rodney Neal Howeedy', 9, '2020-10-01', NULL, 1),
(5, 95569, 'Randall Ervin Crook', 10, '2020-10-01', NULL, 1),
(6, 298997, 'Jesse Jurney', 10, '2020-10-01', NULL, 1),
(7, 119733, 'Carolyn Marie Connor', 7, '2020-10-01', NULL, 1),
(8, 246185, 'James Victor (Jim) Williams', 1, '2020-10-01', NULL, 1),
(9, 147878, 'Satsangat S. Khalsa', 10, '2020-10-01', NULL, 1),
(10, 329525, 'Frederick Donald (Fred) Broyles', 100, '2020-10-01', NULL, 1),
(11, 187570, 'Robert Edward III (Bob) Darlington', 9, '2020-10-01', NULL, 1),
(12, 105861, 'Kathleen Ann (Kaki) Kelly', 1, '2020-10-01', NULL, 1),
(13, 304492, 'Thomas Anthony Herrera', 2, '2020-10-01', NULL, 1),
(14, 118846, 'Theresa Y Daly', 10, '2020-10-01', NULL, 1),
(15, 293857, 'Garrett Wilson Ransom', 9, '2020-10-01', NULL, 1),
(16, 340915, 'Johnathan Patrick Nielsen', 1, '2020-10-01', NULL, 1),
(17, 103002, 'Robert J (Bob) Villa', 10, '2020-10-01', NULL, 1),
(18, 340718, 'Alden Reid Stradling', 1, '2020-10-01', NULL, 1),
(19, 270876, 'Dominic Anthony Manno', 9, '2020-10-01', NULL, 1),
(20, 332162, 'Brett Philip Holman', 9, '2020-10-01', NULL, 1),
(21, 277110, 'Julius Dale Westerman', 9, '2020-10-01', NULL, 1),
(22, 315804, 'Michael E Jennings', 1, '2020-10-01', NULL, 1),
(23, 116901, 'Thomas Earl III (Thomas) Moxley', 10, '2020-10-01', NULL, 1),
(24, 219561, 'Conor Robinson', 1, '2020-10-01', NULL, 1),
(25, 186882, 'Frank D CDeBaca', 10, '2020-10-01', NULL, 1),
(26, 312291, 'Ronald Shane (Shane) Goff', 9, '2020-10-01', NULL, 1),
(27, 104960, 'Donald James Olivas', 1, '2020-10-01', NULL, 1),
(28, 328354, 'Kierstyn Michelle Paschke', 9, '2020-10-01', NULL, 1),
(29, 295057, 'Nicholas Dale Lewis', 9, '2020-10-01', NULL, 1),
(30, 293099, 'Chase William Harrison', 6, '2020-10-01', NULL, 1),
(31, 257527, 'Dennis Tribinio (DJ) Martinez', 10, '2020-10-01', NULL, 1),
(32, 304253, 'Robbie Shawn Garcia', 10, '2020-10-01', NULL, 1),
(33, 351032, 'Thomas Mackell', 2, '2020-10-01', NULL, 1),
(34, 249268, 'Jesse Edward Martinez', 6, '2020-10-01', NULL, 1),
(35, 153175, 'Terri R. Bednar', 10, '2020-10-01', NULL, 1),
(36, 290008, 'Matthew Trujillo', 10, '2020-10-01', NULL, 1),
(37, 87014, 'William Lawrence Cabral', 10, '2020-10-01', NULL, 1),
(38, 314950, 'Alex Parga', 9, '2020-10-01', NULL, 1),
(39, 204751, 'Jose R Herrera', 10, '2020-10-01', NULL, 1),
(40, 194743, 'Pablo E Lujan', 10, '2020-10-01', NULL, 1),
(41, 211336, 'Sean A Leffler', 9, '2020-10-01', NULL, 1),
(42, 338978, 'Thomas Astakos Areba', 6, '2020-10-01', NULL, 1),
(43, 181909, 'Jennifer E. (Jennifer) Gonzales', 1, '2020-10-01', NULL, 1),
(44, 293867, 'Jarrett Christopher Crews', 9, '2020-10-01', NULL, 1),
(45, 236120, 'Graham Knox Van Heule', 1, '2020-10-01', NULL, 1),
(46, 111659, 'Jeffrey R (Jeff) Johnson', 7, '2020-10-01', NULL, 1),
(47, 349563, 'Cory Allan Blount', 2, '2020-10-01', NULL, 1),
(48, 87610, 'Fredie J Marshall', 10, '2020-10-01', NULL, 1),
(49, 262446, 'James Baxter Cash', 6, '2020-10-01', NULL, 1),
(50, 325737, 'Ian N Schroeder-Anderson', 10, '2020-10-01', NULL, 1),
(51, 339127, 'James Russell (Jim) Thompson', 9, '2020-10-01', NULL, 1),
(52, 147804, 'Idalia Chacon Martinez', 10, '2020-10-01', NULL, 1),
(53, 349837, 'Thomas Bertschinger', 2, '2020-10-01', '2022-10-01', 1),
(54, 214025, 'Nicole Juliana Boies', 10, '2020-10-01', NULL, 1),
(55, 177317, 'Vaughn Edward Clinton', 9, '2020-10-01', NULL, 1),
(56, 93008, 'Catherine Aileen Hensley', 10, '2020-10-01', NULL, 1),
(57, 108912, 'Gabriel Rodriguez De La Cruz', 10, '2020-10-01', NULL, 1),
(58, 167531, 'Brett Jason Hollander', 9, '2020-10-01', NULL, 1),
(59, 240844, 'Francisco Javier Romero', 9, '2020-10-01', NULL, 1),
(60, 349837, 'Thomas Bertschinger', 9, '2022-10-01', NULL, 1),
(61, 123954, 'Ben Santos', 4, '2021-10-01', NULL, 1),
(62, 123678, 'Jennifer Green', 11, '2021-10-01', NULL, 1),
(63, 123456, 'Steve Sentor', 3, '2021-10-01', NULL, 1),
(64, 231234, 'Mike Mcoyne', 3, '2021-10-01', NULL, 1),
(65, 984567, 'Andrew Montoya', 8, '2021-10-01', '2023-01-01', 1),
(66, 342518, 'Daniel Martin Perry', 9, '2021-10-01', NULL, 1),
(67, 354603, 'Joseph Edward Baxley', 1, '2021-10-01', NULL, 1),
(68, 352830, 'Conner Douglas Whitfield', 6, '2021-10-01', NULL, 1),
(69, 205922, 'Michael A Mason', 7, '2021-10-01', NULL, 1),
(70, 342476, 'Trevor Scott Bautista', 9, '2021-10-01', NULL, 1),
(71, 357865, 'Michelle Soojin Yoon', 9, '2021-10-01', NULL, 1),
(72, 322223, 'John Walter Dermer', 10, '2021-10-01', NULL, 1),
(73, 367106, 'Maverick Meetze', 10, '2021-10-01', NULL, 1),
(74, 313047, 'William Douglas (Doug) Egan', 6, '2021-10-01', NULL, 1),
(79, 220350, 'Samuel Sanchez', 7, '2022-10-01', NULL, 1),
(82, 984567, 'Andrew Montoya', 12, '2023-01-01', NULL, 1);

-- --------------------------------------------------------

--
-- Table structure for table `tbl_teams`
--

CREATE TABLE `tbl_teams` (
  `team_id` int(6) NOT NULL,
  `team_name` varchar(20) NOT NULL,
  `group_id` int(6) NOT NULL,
  `startdate` date DEFAULT NULL,
  `enddate` date DEFAULT NULL
) ENGINE=InnoDB DEFAULT CHARSET=utf8;

--
-- Dumping data for table `tbl_teams`
--

INSERT INTO `tbl_teams` (`team_id`, `team_name`, `group_id`, `startdate`, `enddate`) VALUES
(1, 'Platforms', 1, '2000-01-01', NULL),
(2, 'CSP Team', 1, '2000-01-01', NULL),
(3, 'WLM', 2, '2000-01-01', NULL),
(4, 'Consult', 2, '2000-01-01', NULL),
(5, 'Monitoring', 2, '2000-01-01', NULL),
(6, 'Networking', 1, '2000-01-01', NULL),
(7, 'SYS-GO', 1, '2000-01-01', NULL),
(8, 'ENV-GO', 2, '2000-01-01', NULL),
(9, 'FileSystems', 1, '2000-01-01', NULL),
(10, 'Operations', 1, '2000-01-01', '2023-01-19'),
(11, 'PRE-Team', 2, '2000-01-01', NULL),
(12, 'Operations', 4, '2023-01-20', NULL),
(13, 'GS', 1, '2023-01-01', NULL);

-- --------------------------------------------------------

--
-- Table structure for table `tbl_workpackage`
--

CREATE TABLE `tbl_workpackage` (
  `wp_id` int(10) NOT NULL,
  `workpackage_name` varchar(50) NOT NULL,
  `startdate` date NOT NULL,
  `enddate` date NOT NULL,
  `manager_id` int(6) NOT NULL,
  `forcasted_fte_total` double NOT NULL
) ENGINE=InnoDB DEFAULT CHARSET=utf8;

--
-- Dumping data for table `tbl_workpackage`
--

INSERT INTO `tbl_workpackage` (`wp_id`, `workpackage_name`, `startdate`, `enddate`, `manager_id`, `forcasted_fte_total`) VALUES
(3, 'JAJC PROD', '2022-10-01', '2023-10-01', 1, 7.6),
(4, 'JAJC INT0', '2022-10-01', '2023-10-01', 1, 1.2),
(5, 'JAF2 FILE', '2022-10-01', '2023-10-01', 5, 1.65),
(6, 'JAF2 NETW', '2022-10-01', '2023-10-01', 4, 2.65),
(7, 'JAF2 CAMP', '2022-10-01', '2023-10-01', 5, 1.95),
(8, 'JAF4 ARCH', '2022-10-01', '2023-10-01', 5, 1.85),
(9, 'JAF4 MARC HIVE', '2022-10-01', '2023-10-01', 5, 0.45),
(10, 'JALD TECH OPS0', '2022-10-01', '2023-10-01', 6, 12.78),
(11, 'JALD SUPP', '2022-10-01', '2023-10-01', 6, 2),
(12, 'JALD CSP0', '2022-10-01', '2023-10-01', 6, 2.9),
(13, 'JAJV SYS0 0000 (offsite)', '2022-10-01', '2023-10-01', 3, 0.55),
(14, 'JAMO SEC0', '2022-10-01', '2023-10-01', 3, 0.2),
(15, 'JA8V SYST SOFT', '2022-10-01', '2023-10-01', 3, 0.15),
(16, 'JAGS SYS0', '2022-10-01', '2023-10-01', 2, 1.5),
(17, 'XPGS 0013 SAGE', '2022-10-01', '2023-10-01', 2, 0.45),
(18, 'X5VG OPTN TECH', '2022-10-01', '2023-10-01', 3, 3.8),
(19, 'X5VG DATA SPFS', '2022-10-01', '2023-10-01', 5, 2.5),
(20, 'X5VG DATA ARCH', '2022-10-01', '2023-10-01', 5, 0.25),
(21, 'X5VG DATA CAMP', '2022-10-01', '2023-10-01', 1, 1.05),
(22, 'X5VG DATA NTWK', '2022-10-01', '2023-10-01', 4, 2),
(23, 'X5VG COMP PROD', '2022-10-01', '2023-10-01', 1, 2.15),
(24, 'X36P UNCL 1100', '2022-10-01', '2023-10-01', 3, 3.03),
(25, 'X36P CLAS 1000', '2022-10-01', '2023-10-01', 3, 1.73),
(26, 'XA34 0005', '2022-10-01', '2023-10-01', 3, 3.25),
(27, 'JAPF STOR', '2022-10-01', '2023-10-01', 3, 0),
(28, 'XC05 CLFS', '2022-10-01', '2023-10-01', 3, 0),
(29, 'RTCH (WFO Poole)', '2022-10-01', '2023-10-01', 3, 0),
(30, 'RTGW 1000', '2022-10-01', '2023-10-01', 3, 0),
(31, 'JAEZ FSAF ', '2022-10-01', '2023-10-01', 3, 0.9),
(32, 'ZF45 0000 (SAGE)', '2022-10-01', '2023-10-01', 3, 0),
(33, '6KNA 2100 1000 (RCE)', '2022-10-01', '2023-10-01', 3, 0),
(35, 'X5VG CLOU D000 (Nimbus)', '2022-10-01', '2023-10-01', 3, 0),
(36, 'JA7K', '2022-10-01', '2023-10-01', 3, 0),
(37, 'XAD1 22CYBER0 (ICCI)', '2022-10-01', '2023-10-01', 3, 0),
(38, 'ZG67 3199 0013', '2022-10-01', '2023-10-01', 3, 0),
(39, 'X5D1 0004 TTEC (off replacement for JAF2)', '2022-10-01', '2023-10-01', 3, 0),
(40, 'JAJC PROD', '2021-10-01', '2022-10-01', 1, 5.9),
(41, 'JAJC INT0', '2021-10-01', '2022-10-01', 1, 1.75),
(42, 'JAF2 FILE', '2021-10-01', '2022-10-01', 1, 2.35),
(43, 'JAF2 NETW', '2021-10-01', '2022-10-01', 1, 3.85),
(44, 'JAF2 CAMP', '2021-10-01', '2022-10-01', 1, 1.6),
(45, 'JAF4 ARCH', '2021-10-01', '2022-10-01', 1, 2.2),
(46, 'JAF4 MARC HIVE', '2021-10-01', '2022-10-01', 1, 0.8),
(47, 'JALD TECH OPS0', '2021-10-01', '2022-10-01', 1, 11.76),
(48, 'JALD SUPP', '2021-10-01', '2022-10-01', 1, 2),
(49, 'JALD CSP0', '2021-10-01', '2022-10-01', 1, 2),
(50, 'JAJV SYS0 0000 (offsite)', '2021-10-01', '2022-10-01', 1, 0.15),
(51, 'JAKC SEC0', '2021-10-01', '2022-10-01', 1, 0.2),
(52, 'JA8V SYST SOFT', '2021-10-01', '2022-10-01', 1, 0.3),
(53, 'JAGS SYS0', '2021-10-01', '2022-10-01', 1, 1.45),
(54, 'XPGS / 0013 / SAGE', '2021-10-01', '2022-10-01', 1, 0.9),
(55, 'JAPB DWAV EOPS', '2021-10-01', '2022-10-01', 1, 0),
(56, 'X5VG OPTN TECH', '2021-10-01', '2022-10-01', 1, 7.05),
(57, 'X5VG DATA SPFS', '2021-10-01', '2022-10-01', 1, 2),
(58, 'X5VG DATA ARCH', '2021-10-01', '2022-10-01', 1, 0.25),
(59, 'X5VG DATA CAMP', '2021-10-01', '2022-10-01', 1, 1.05),
(60, 'X5VG DATA NTWK', '2021-10-01', '2022-10-01', 1, 2.25),
(61, 'X5VG COMP PROD', '2021-10-01', '2022-10-01', 1, 2.85),
(62, 'X36P UNCL 1100', '2021-10-01', '2022-10-01', 1, 2.28),
(63, 'X36P CLAS 1000', '2021-10-01', '2022-10-01', 1, 1.68),
(64, 'XA34 0005', '2021-10-01', '2022-10-01', 1, 0.25),
(65, 'JPDT HIST', '2021-10-01', '2022-10-01', 1, 0),
(66, 'JAPF STOR', '2021-10-01', '2022-10-01', 1, 0),
(67, 'XC05 CLFS', '2021-10-01', '2022-10-01', 1, 0),
(68, 'RTCH (WFO Poole)', '2021-10-01', '2022-10-01', 1, 0),
(69, 'JAEZ', '2021-10-01', '2022-10-01', 1, 0),
(70, 'RTGW 1000', '2021-10-01', '2022-10-01', 1, 0),
(71, 'JAEY FSAF ', '2021-10-01', '2022-10-01', 1, 0),
(72, 'ZF45 0000 (SAGE)', '2021-10-01', '2022-10-01', 1, 0.05),
(73, '6KNA 2100 1000 (RCE)', '2021-10-01', '2022-10-01', 1, 0),
(74, 'JA55 GIT0 (re-git)', '2021-10-01', '2022-10-01', 1, 0.4),
(75, 'X5VG CLOU D000 (Nimbus)', '2021-10-01', '2022-10-01', 1, 0.5),
(76, 'JAJC PROD', '2020-10-01', '2021-10-01', 1, 5.55),
(77, 'JAJC INT0', '2020-10-01', '2021-10-01', 1, 0.6),
(78, 'JAF2 FILE', '2020-10-01', '2021-10-01', 1, 2.95),
(79, 'JAF2 NETW', '2020-10-01', '2021-10-01', 1, 2.4),
(80, 'JAF2 CAMP', '2020-10-01', '2021-10-01', 1, 1.2),
(81, 'JAF4 ARCH', '2020-10-01', '2021-10-01', 1, 1.65),
(82, 'JAF4 MARC HIVE', '2020-10-01', '2021-10-01', 1, 0.75),
(83, 'JALD TECH OPS0', '2020-10-01', '2021-10-01', 1, 12.71),
(84, 'JALD SUPP', '2020-10-01', '2021-10-01', 1, 2.55),
(85, 'JALD CSP0', '2020-10-01', '2021-10-01', 1, 2.5),
(86, 'JAJV SYS0 0000 (offsite)', '2020-10-01', '2021-10-01', 1, 2.1),
(87, 'JAKC SEC0', '2020-10-01', '2021-10-01', 1, 0.2),
(88, 'JA8V SYST SOFT', '2020-10-01', '2021-10-01', 1, 0.3),
(89, 'JAGS SYS0', '2020-10-01', '2021-10-01', 1, 2.05),
(90, 'XPGS / 0013 / SAGE', '2020-10-01', '2021-10-01', 1, 0.9),
(91, 'JAPB DWAV EOPS', '2020-10-01', '2021-10-01', 1, 0.3),
(92, 'X5VG OPTN TECH', '2020-10-01', '2021-10-01', 1, 5.15),
(93, 'X5VG DATA SPFS', '2020-10-01', '2021-10-01', 1, 1.45),
(94, 'X5VG DATA ARCH', '2020-10-01', '2021-10-01', 1, 0.25),
(95, 'X5VG DATA CAMP', '2020-10-01', '2021-10-01', 1, 0.4),
(96, 'X5VG DATA NTWK', '2020-10-01', '2021-10-01', 1, 1.6),
(97, 'X5VG COMP PROD', '2020-10-01', '2021-10-01', 1, 2.15),
(98, 'X36P UNCL 1100', '2020-10-01', '2021-10-01', 1, 2.23),
(99, 'X36P CLAS 1000', '2020-10-01', '2021-10-01', 1, 1.68),
(100, 'XA34 0005', '2020-10-01', '2021-10-01', 1, 2.7),
(101, 'XA34 HIST', '2020-10-01', '2021-10-01', 1, 0.6),
(102, 'JAPF STOR', '2020-10-01', '2021-10-01', 1, 0),
(103, 'XC05 CLFS', '2020-10-01', '2021-10-01', 1, 0.2),
(104, 'RTCH (WFO Poole)', '2020-10-01', '2021-10-01', 1, 0.1),
(105, 'JAEZ', '2020-10-01', '2021-10-01', 1, 0.4),
(106, 'RTGW 1000', '2020-10-01', '2021-10-01', 1, 0),
(107, 'JAEY FSAF ', '2020-10-01', '2021-10-01', 1, 0),
(108, 'ZF45 0000 (SAGE)', '2020-10-01', '2021-10-01', 1, 0.15),
(109, 'K6NB 2100 0000', '2020-10-01', '2021-10-01', 1, 0),
(110, 'JAJC Consult', '2021-10-01', '2022-10-01', 7, 1),
(111, 'JAJC WLM', '2021-10-01', '2022-10-01', 7, 1.8),
(112, 'X5VG WLM', '2021-10-01', '2022-10-01', 7, 5),
(113, 'JAJC Test', '2021-10-01', '2022-10-01', 7, 4.2),
(114, 'X5VG Test', '2021-10-01', '2022-10-01', 7, 1.17),
(115, 'JAJC Consult', '2022-10-01', '2023-10-01', 7, 2),
(116, 'JAJC WLM', '2022-10-01', '2023-10-01', 7, 2.8),
(117, 'X5VG WLM', '2022-10-01', '2023-10-01', 7, 4),
(118, 'JAJC Test', '2022-10-01', '2023-10-01', 7, 5.2),
(119, 'X5VG Test', '2022-10-01', '2023-10-01', 7, 2.2),
(120, 'JAGL 00000000 (asc-git)', '2022-10-01', '2023-10-01', 7, 1.2),
(126, 'SANCH17', '2023-01-20', '2023-10-01', 1, 4.75),
(127, 'OPS101', '2023-01-21', '2023-10-01', 7, 10);

-- --------------------------------------------------------

--
-- Table structure for table `tbl_wp_manager`
--

CREATE TABLE `tbl_wp_manager` (
  `manager_id` int(6) NOT NULL,
  `manager_name` varchar(20) NOT NULL,
  `startdate` date NOT NULL,
  `enddate` date DEFAULT NULL
) ENGINE=InnoDB DEFAULT CHARSET=utf8;

--
-- Dumping data for table `tbl_wp_manager`
--

INSERT INTO `tbl_wp_manager` (`manager_id`, `manager_name`, `startdate`, `enddate`) VALUES
(1, 'Sam Sanchez', '2022-10-01', NULL),
(2, 'Jennifer Gonzales', '2022-10-01', NULL),
(3, 'Mike Mason', '2022-10-01', NULL),
(4, 'Jesse Martinez', '2022-10-01', NULL),
(5, 'Brett Holindar', '2022-10-01', NULL),
(6, 'Gabe Del Cruz', '2022-10-01', NULL),
(7, 'Andrew Montoya', '2023-01-01', NULL);

-- --------------------------------------------------------

--
-- Stand-in structure for view `vw_fte_mapping`
-- (See below for the actual view)
--
CREATE TABLE `vw_fte_mapping` (
`wp_id` int(11)
,`fte_id` int(11)
,`staff_name` varchar(50)
,`workpackage_name` varchar(50)
,`forcasted_amount` float
,`startdate` date
,`enddate` date
,`staff_id` int(6)
);

-- --------------------------------------------------------

--
-- Stand-in structure for view `vw_over_or_under`
-- (See below for the actual view)
--
CREATE TABLE `vw_over_or_under` (
`startdate` date
,`enddate` date
,`forcasted_fte_total` double
,`forcasted` double(19,2)
,`difference` double(19,2)
,`workpackage_name` varchar(50)
);

-- --------------------------------------------------------

--
-- Stand-in structure for view `vw_staff_mapping`
-- (See below for the actual view)
--
CREATE TABLE `vw_staff_mapping` (
`staff_id` int(6)
,`staff_name` varchar(50)
,`znumber` int(6)
,`team_name` varchar(20)
,`group_name` varchar(20)
,`startdate` date
,`enddate` date
,`fte_amount` float
);

-- --------------------------------------------------------

--
-- Stand-in structure for view `vw_staff_over_under`
-- (See below for the actual view)
--
CREATE TABLE `vw_staff_over_under` (
`staff_name` varchar(50)
,`forcasted` double(19,2)
,`fte_amount` float
,`difference` double
,`team_name` varchar(20)
,`group_name` varchar(20)
,`startdate` date
,`enddate` date
);

-- --------------------------------------------------------

--
-- Stand-in structure for view `vw_team_forcast`
-- (See below for the actual view)
--
CREATE TABLE `vw_team_forcast` (
`staff_id` int(6)
,`staff_name` varchar(50)
,`team_name` varchar(20)
,`group_name` varchar(20)
,`workpackage_name` varchar(50)
,`forcasted_amount` float
,`startdate` date
,`enddate` date
);

-- --------------------------------------------------------

--
-- Stand-in structure for view `vw_team_mapping`
-- (See below for the actual view)
--
CREATE TABLE `vw_team_mapping` (
`team_id` int(6)
,`group_id` int(6)
,`team_name` varchar(20)
,`group_name` varchar(20)
,`startdate` date
,`enddate` date
);

-- --------------------------------------------------------

--
-- Stand-in structure for view `vw_workpackage_managers`
-- (See below for the actual view)
--
CREATE TABLE `vw_workpackage_managers` (
`manager_name` varchar(20)
,`startdate` date
,`enddate` date
,`workpackage_name` varchar(50)
,`forcasted_fte_total` double
);

-- --------------------------------------------------------

--
-- Structure for view `vw_fte_mapping`
--
DROP TABLE IF EXISTS `vw_fte_mapping`;

CREATE ALGORITHM=UNDEFINED DEFINER=`root`@`localhost` SQL SECURITY DEFINER VIEW `vw_fte_mapping`  AS SELECT `tbl_fte_planning`.`wp_id` AS `wp_id`, `tbl_fte_planning`.`fte_id` AS `fte_id`, `vw_staff_mapping`.`staff_name` AS `staff_name`, `tbl_workpackage`.`workpackage_name` AS `workpackage_name`, `tbl_fte_planning`.`forcasted_amount` AS `forcasted_amount`, `tbl_fte_planning`.`startdate` AS `startdate`, `tbl_fte_planning`.`enddate` AS `enddate`, `vw_staff_mapping`.`staff_id` AS `staff_id` FROM ((`tbl_fte_planning` join `vw_staff_mapping`) join `tbl_workpackage`) WHERE ((`vw_staff_mapping`.`staff_id` = `tbl_fte_planning`.`staff_id`) AND (`tbl_workpackage`.`wp_id` = `tbl_fte_planning`.`wp_id`)) ;

-- --------------------------------------------------------

--
-- Structure for view `vw_over_or_under`
--
DROP TABLE IF EXISTS `vw_over_or_under`;

CREATE ALGORITHM=UNDEFINED DEFINER=`root`@`localhost` SQL SECURITY DEFINER VIEW `vw_over_or_under`  AS SELECT `vw_fte_mapping`.`startdate` AS `startdate`, `vw_fte_mapping`.`enddate` AS `enddate`, `tbl_workpackage`.`forcasted_fte_total` AS `forcasted_fte_total`, round(sum(`vw_fte_mapping`.`forcasted_amount`),2) AS `forcasted`, round((`tbl_workpackage`.`forcasted_fte_total` - round(sum(`vw_fte_mapping`.`forcasted_amount`),2)),2) AS `difference`, `vw_fte_mapping`.`workpackage_name` AS `workpackage_name` FROM (`vw_fte_mapping` join `tbl_workpackage`) WHERE ((`vw_fte_mapping`.`workpackage_name` = `tbl_workpackage`.`workpackage_name`) AND (`vw_fte_mapping`.`startdate` = `tbl_workpackage`.`startdate`)) GROUP BY `tbl_workpackage`.`startdate`, `vw_fte_mapping`.`workpackage_name` ;

-- --------------------------------------------------------

--
-- Structure for view `vw_staff_mapping`
--
DROP TABLE IF EXISTS `vw_staff_mapping`;

CREATE ALGORITHM=UNDEFINED DEFINER=`root`@`localhost` SQL SECURITY DEFINER VIEW `vw_staff_mapping`  AS SELECT `tbl_staff`.`staff_id` AS `staff_id`, `tbl_staff`.`staff_name` AS `staff_name`, `tbl_staff`.`znumber` AS `znumber`, `vw_team_mapping`.`team_name` AS `team_name`, `vw_team_mapping`.`group_name` AS `group_name`, `tbl_staff`.`startdate` AS `startdate`, `tbl_staff`.`enddate` AS `enddate`, `tbl_staff`.`fte_amount` AS `fte_amount` FROM (`tbl_staff` join `vw_team_mapping`) WHERE (`tbl_staff`.`team_id` = `vw_team_mapping`.`team_id`) ;

-- --------------------------------------------------------

--
-- Structure for view `vw_staff_over_under`
--
DROP TABLE IF EXISTS `vw_staff_over_under`;

CREATE ALGORITHM=UNDEFINED DEFINER=`root`@`localhost` SQL SECURITY DEFINER VIEW `vw_staff_over_under`  AS SELECT `vw_team_forcast`.`staff_name` AS `staff_name`, round(sum(`vw_team_forcast`.`forcasted_amount`),2) AS `forcasted`, `tbl_staff`.`fte_amount` AS `fte_amount`, (round(sum(`vw_team_forcast`.`forcasted_amount`),2) - `tbl_staff`.`fte_amount`) AS `difference`, `vw_team_forcast`.`team_name` AS `team_name`, `vw_team_forcast`.`group_name` AS `group_name`, `vw_team_forcast`.`startdate` AS `startdate`, `vw_team_forcast`.`enddate` AS `enddate` FROM (`vw_team_forcast` join `tbl_staff`) WHERE ((`vw_team_forcast`.`staff_id` = `tbl_staff`.`staff_id`) AND (`vw_team_forcast`.`enddate` > curdate())) GROUP BY `vw_team_forcast`.`staff_id` ORDER BY `vw_team_forcast`.`staff_name` ASC ;

-- --------------------------------------------------------

--
-- Structure for view `vw_team_forcast`
--
DROP TABLE IF EXISTS `vw_team_forcast`;

CREATE ALGORITHM=UNDEFINED DEFINER=`root`@`localhost` SQL SECURITY DEFINER VIEW `vw_team_forcast`  AS SELECT `vw_staff_mapping`.`staff_id` AS `staff_id`, `vw_staff_mapping`.`staff_name` AS `staff_name`, `vw_staff_mapping`.`team_name` AS `team_name`, `vw_staff_mapping`.`group_name` AS `group_name`, `tbl_workpackage`.`workpackage_name` AS `workpackage_name`, `tbl_fte_planning`.`forcasted_amount` AS `forcasted_amount`, `tbl_fte_planning`.`startdate` AS `startdate`, `tbl_fte_planning`.`enddate` AS `enddate` FROM ((`vw_staff_mapping` join `tbl_fte_planning`) join `tbl_workpackage`) WHERE ((`vw_staff_mapping`.`staff_id` = `tbl_fte_planning`.`staff_id`) AND (`tbl_workpackage`.`wp_id` = `tbl_fte_planning`.`wp_id`)) ;

-- --------------------------------------------------------

--
-- Structure for view `vw_team_mapping`
--
DROP TABLE IF EXISTS `vw_team_mapping`;

CREATE ALGORITHM=UNDEFINED DEFINER=`root`@`localhost` SQL SECURITY DEFINER VIEW `vw_team_mapping`  AS SELECT `tbl_teams`.`team_id` AS `team_id`, `tbl_groups`.`group_id` AS `group_id`, `tbl_teams`.`team_name` AS `team_name`, `tbl_groups`.`group_name` AS `group_name`, `tbl_teams`.`startdate` AS `startdate`, `tbl_teams`.`enddate` AS `enddate` FROM (`tbl_teams` join `tbl_groups`) WHERE (`tbl_teams`.`group_id` = `tbl_groups`.`group_id`) ;

-- --------------------------------------------------------

--
-- Structure for view `vw_workpackage_managers`
--
DROP TABLE IF EXISTS `vw_workpackage_managers`;

CREATE ALGORITHM=UNDEFINED DEFINER=`root`@`localhost` SQL SECURITY DEFINER VIEW `vw_workpackage_managers`  AS SELECT `tbl_wp_manager`.`manager_name` AS `manager_name`, `tbl_workpackage`.`startdate` AS `startdate`, `tbl_workpackage`.`enddate` AS `enddate`, `tbl_workpackage`.`workpackage_name` AS `workpackage_name`, `tbl_workpackage`.`forcasted_fte_total` AS `forcasted_fte_total` FROM (`tbl_wp_manager` join `tbl_workpackage`) WHERE (`tbl_wp_manager`.`manager_id` = `tbl_workpackage`.`manager_id`) ;

--
-- Indexes for dumped tables
--

--
-- Indexes for table `tbl_fte_planning`
--
ALTER TABLE `tbl_fte_planning`
  ADD PRIMARY KEY (`fte_id`),
  ADD KEY `staff_id` (`staff_id`) USING BTREE,
  ADD KEY `wp_id` (`wp_id`) USING BTREE;

--
-- Indexes for table `tbl_groups`
--
ALTER TABLE `tbl_groups`
  ADD PRIMARY KEY (`group_id`);

--
-- Indexes for table `tbl_staff`
--
ALTER TABLE `tbl_staff`
  ADD PRIMARY KEY (`staff_id`);

--
-- Indexes for table `tbl_teams`
--
ALTER TABLE `tbl_teams`
  ADD PRIMARY KEY (`team_id`),
  ADD KEY `group_id` (`group_id`);

--
-- Indexes for table `tbl_workpackage`
--
ALTER TABLE `tbl_workpackage`
  ADD PRIMARY KEY (`wp_id`);

--
-- Indexes for table `tbl_wp_manager`
--
ALTER TABLE `tbl_wp_manager`
  ADD PRIMARY KEY (`manager_id`);

--
-- AUTO_INCREMENT for dumped tables
--

--
-- AUTO_INCREMENT for table `tbl_fte_planning`
--
ALTER TABLE `tbl_fte_planning`
  MODIFY `fte_id` int(11) NOT NULL AUTO_INCREMENT, AUTO_INCREMENT=488;

--
-- AUTO_INCREMENT for table `tbl_groups`
--
ALTER TABLE `tbl_groups`
  MODIFY `group_id` int(6) NOT NULL AUTO_INCREMENT, AUTO_INCREMENT=6;

--
-- AUTO_INCREMENT for table `tbl_staff`
--
ALTER TABLE `tbl_staff`
  MODIFY `staff_id` int(6) NOT NULL AUTO_INCREMENT, AUTO_INCREMENT=84;

--
-- AUTO_INCREMENT for table `tbl_teams`
--
ALTER TABLE `tbl_teams`
  MODIFY `team_id` int(6) NOT NULL AUTO_INCREMENT, AUTO_INCREMENT=14;

--
-- AUTO_INCREMENT for table `tbl_workpackage`
--
ALTER TABLE `tbl_workpackage`
  MODIFY `wp_id` int(10) NOT NULL AUTO_INCREMENT, AUTO_INCREMENT=128;

--
-- AUTO_INCREMENT for table `tbl_wp_manager`
--
ALTER TABLE `tbl_wp_manager`
  MODIFY `manager_id` int(6) NOT NULL AUTO_INCREMENT, AUTO_INCREMENT=8;
COMMIT;

/*!40101 SET CHARACTER_SET_CLIENT=@OLD_CHARACTER_SET_CLIENT */;
/*!40101 SET CHARACTER_SET_RESULTS=@OLD_CHARACTER_SET_RESULTS */;
/*!40101 SET COLLATION_CONNECTION=@OLD_COLLATION_CONNECTION */;
